,DATETIMEDATA,PM25,RAIN,PM10,O3,CO,NO2,SO2,WD,WS,TEMP,RH,BP
0,2024-01-30 00:00:00,12.2,0,,33.0,,,,172,1,26,82,762
1,2024-01-30 01:00:00,11.8,0,,17.0,,,,175,1,26,80,761
2,2024-01-30 02:00:00,18.0,4,,1.0,,,,134,1,25,85,761
3,2024-01-30 03:00:00,9.6,0,,11.0,,,,167,1,25,82,760
4,2024-01-30 04:00:00,12.5,0,,8.0,,,,103,1,26,81,760
5,2024-01-30 05:00:00,12.5,0,,0.0,,,,108,1,26,82,761
6,2024-01-30 06:00:00,10.4,0,,1.0,,,,121,1,26,83,761
7,2024-01-30 07:00:00,18.7,0,,13.0,,,,125,1,26,81,761
8,2024-01-30 08:00:00,17.5,0,,0.0,,,,120,1,28,74,762
9,2024-01-30 09:00:00,17.2,0,,3.0,,,,167,1,29,67,762
10,2024-01-30 10:00:00,12.7,0,,20.0,,,,148,0,30,60,762
11,2024-01-30 11:00:00,14.9,0,,30.0,,,,193,0,31,56,761
12,2024-01-30 12:00:00,15.3,0,,31.0,,,,198,1,32,52,761
13,2024-01-30 13:00:00,18.9,0,,19.0,,,,166,1,32,52,760
14,2024-01-30 14:00:00,15.8,0,,,,,,188,1,32,50,759
15,2024-01-30 15:00:00,17.4,0,,14.0,,,,184,1,32,52,759
16,2024-01-30 16:00:00,16.3,0,,0.0,,,,139,1,31,55,759
17,2024-01-30 17:00:00,21.5,0,,1.0,,,,130,1,29,61,759
18,2024-01-30 18:00:00,16.4,0,,6.0,,,,131,1,28,67,760
19,2024-01-30 19:00:00,24.0,0,,2.0,,,,120,1,28,71,760
20,2024-01-30 20:00:00,21.0,0,,4.0,,,,120,1,27,72,761
21,2024-01-30 21:00:00,22.1,0,,14.0,,,,121,1,27,73,761
22,2024-01-30 22:00:00,14.7,0,,26.0,,,,117,1,27,75,762
23,2024-01-30 23:00:00,14.3,0,,28.0,,,,118,1,27,76,762
24,2024-01-31 00:00:00,18.0,0,,25.0,,,,113,0,26,78,761
25,2024-01-31 01:00:00,18.7,0,,6.0,,,,107,0,26,79,761
26,2024-01-31 02:00:00,23.7,0,,17.0,,,,108,1,26,78,760
27,2024-01-31 03:00:00,17.1,0,,1.0,,,,114,1,26,79,760
28,2024-01-31 04:00:00,14.8,0,,9.0,,,,112,1,26,82,760
29,2024-01-31 05:00:00,19.8,0,,0.0,,,,108,0,26,85,760
30,2024-01-31 06:00:00,15.8,0,,1.0,,,,107,0,25,88,761
31,2024-01-31 07:00:00,21.7,0,,2.0,,,,108,0,26,86,761
32,2024-01-31 08:00:00,21.2,0,,1.0,,,,110,1,28,75,761
33,2024-01-31 09:00:00,16.1,0,,1.0,,,,127,1,29,68,762
34,2024-01-31 10:00:00,15.0,0,,0.0,,,,164,1,30,59,762
35,2024-01-31 11:00:00,13.3,0,,2.0,,,,164,1,31,58,761
36,2024-01-31 12:00:00,14.0,0,,14.0,,,,189,1,31,55,761
37,2024-01-31 13:00:00,17.4,0,,0.0,,,,184,1,31,54,760
38,2024-01-31 14:00:00,16.3,0,,16.0,,,,161,1,31,54,759
39,2024-01-31 15:00:00,12.9,0,,,,,,180,1,31,54,759
40,2024-01-31 16:00:00,8.2,0,,26.0,,,,153,1,31,56,759
41,2024-01-31 17:00:00,12.6,0,,3.0,,,,153,1,29,65,759
42,2024-01-31 18:00:00,14.5,0,,18.0,,,,150,1,28,71,759
43,2024-01-31 19:00:00,14.7,0,,6.0,,,,117,1,28,75,760
44,2024-01-31 20:00:00,20.0,0,,14.0,,,,119,1,27,76,760
45,2024-01-31 21:00:00,18.7,0,,17.0,,,,118,1,27,77,761
46,2024-01-31 22:00:00,16.7,0,,0.0,,,,108,1,27,81,761
47,2024-01-31 23:00:00,24.3,0,,0.0,,,,111,1,26,81,761
48,2024-02-01 00:00:00,19.6,0,,1.0,,,,110,0,26,82,761
49,2024-02-01 01:00:00,19.2,0,,12.0,,,,108,0,26,85,761
50,2024-02-01 02:00:00,19.0,0,,9.0,,,,106,0,26,86,760
51,2024-02-01 03:00:00,17.8,0,,1.0,,,,111,0,25,88,760
52,2024-02-01 04:00:00,13.8,0,,0.0,,,,116,0,25,89,760
53,2024-02-01 05:00:00,19.7,0,,0.0,,,,114,0,25,89,760
54,2024-02-01 06:00:00,18.0,0,,0.0,,,,105,0,25,89,761
55,2024-02-01 07:00:00,23.9,0,,2.0,,,,105,0,26,85,761
56,2024-02-01 08:00:00,29.9,0,,1.0,,,,111,1,28,78,762
57,2024-02-01 09:00:00,23.5,0,,2.0,,,,121,1,29,70,762
58,2024-02-01 10:00:00,19.5,0,,1.0,,,,142,1,30,61,762
59,2024-02-01 11:00:00,17.8,0,,1.0,,,,171,1,31,57,762
60,2024-02-01 12:00:00,18.9,0,,1.0,,,,160,1,32,53,761
61,2024-02-01 13:00:00,17.5,0,,9.0,,,,171,1,32,52,760
62,2024-02-01 14:00:00,17.9,0,,16.0,,,,164,1,32,51,760
63,2024-02-01 15:00:00,16.7,0,,5.0,,,,167,1,31,52,760
64,2024-02-01 16:00:00,13.1,0,,,,,,166,1,31,54,759
65,2024-02-01 17:00:00,17.8,0,,20.0,,,,135,1,29,62,759
66,2024-02-01 18:00:00,13.0,0,,18.0,,,,126,1,28,68,759
67,2024-02-01 19:00:00,22.5,0,,0.0,,,,117,1,28,73,760
68,2024-02-01 20:00:00,21.9,0,,1.0,,,,113,1,27,75,761
69,2024-02-01 21:00:00,22.3,0,,10.0,,,,111,1,27,77,761
70,2024-02-01 22:00:00,20.7,0,,1.0,,,,113,1,27,80,761
71,2024-02-01 23:00:00,25.6,0,,0.0,,,,109,1,26,83,761
72,2024-02-02 00:00:00,30.9,0,,0.0,,,,109,0,26,84,760
73,2024-02-02 01:00:00,25.9,0,,1.0,,,,108,0,26,86,760
74,2024-02-02 02:00:00,27.4,0,,4.0,,,,107,0,25,86,760
75,2024-02-02 03:00:00,18.4,0,,0.0,,,,105,0,25,89,759
76,2024-02-02 04:00:00,25.1,0,,0.0,,,,105,0,25,89,759
77,2024-02-02 05:00:00,29.3,0,,0.0,,,,103,0,24,91,760
78,2024-02-02 06:00:00,30.1,0,,0.0,,,,104,0,24,91,760
79,2024-02-02 07:00:00,29.6,0,,1.0,,,,105,0,25,90,760
80,2024-02-02 08:00:00,32.4,0,,5.0,,,,109,0,27,81,761
81,2024-02-02 09:00:00,31.8,0,,0.0,,,,113,1,29,68,761
82,2024-02-02 10:00:00,19.3,0,,0.0,,,,127,1,31,59,761
83,2024-02-02 11:00:00,15.8,0,,0.0,,,,169,1,32,54,761
84,2024-02-02 12:00:00,18.4,0,,1.0,,,,191,1,32,52,760
85,2024-02-02 13:00:00,16.5,0,,3.0,,,,172,1,32,52,759
86,2024-02-02 14:00:00,15.0,0,,5.0,,,,141,1,32,50,759
87,2024-02-02 15:00:00,13.6,0,,1.0,,,,168,1,32,52,758
88,2024-02-02 16:00:00,14.4,0,,2.0,,,,153,1,31,57,758
89,2024-02-02 17:00:00,10.7,0,,,,,,158,1,30,64,758
90,2024-02-02 18:00:00,11.9,0,,15.0,,,,116,1,29,70,759
91,2024-02-02 19:00:00,16.7,0,,13.0,,,,122,1,28,74,759
92,2024-02-02 20:00:00,16.7,0,,0.0,,,,116,1,27,77,760
93,2024-02-02 21:00:00,23.6,0,,7.0,,,,116,1,27,79,760
94,2024-02-02 22:00:00,17.3,0,,0.0,,,,110,1,27,80,760
95,2024-02-02 23:00:00,19.4,0,,1.0,,,,110,0,27,81,760
96,2024-02-03 00:00:00,17.2,0,,0.0,,,,109,0,26,82,760
97,2024-02-03 01:00:00,18.6,0,,1.0,,,,108,0,26,84,760
98,2024-02-03 02:00:00,22.2,0,,0.0,,,,107,0,26,85,760
99,2024-02-03 03:00:00,21.9,0,,9.0,,,,117,1,26,80,759
100,2024-02-03 04:00:00,17.3,0,,15.0,,,,116,1,26,79,759
101,2024-02-03 05:00:00,16.1,0,,15.0,,,,114,1,26,78,760
102,2024-02-03 06:00:00,14.6,0,,2.0,,,,107,0,25,87,760
103,2024-02-03 07:00:00,25.8,0,,1.0,,,,108,0,26,87,761
104,2024-02-03 08:00:00,33.8,0,,1.0,,,,111,1,28,74,761
105,2024-02-03 09:00:00,20.5,0,,1.0,,,,124,1,29,66,762
106,2024-02-03 10:00:00,12.5,0,,1.0,,,,134,1,30,61,762
107,2024-02-03 11:00:00,18.8,0,,0.0,,,,138,1,32,55,761
108,2024-02-03 12:00:00,12.9,0,,1.0,,,,164,1,32,52,760
109,2024-02-03 13:00:00,11.3,0,,2.0,,,,148,1,32,51,760
110,2024-02-03 14:00:00,12.0,0,,15.0,,,,149,1,33,50,759
111,2024-02-03 15:00:00,19.2,0,,3.0,,,,167,1,32,52,758
112,2024-02-03 16:00:00,14.1,0,,17.0,,,,186,1,31,57,758
113,2024-02-03 17:00:00,11.9,0,,0.0,,,,188,1,30,65,759
114,2024-02-03 18:00:00,13.1,0,,,,,,182,1,28,70,759
115,2024-02-03 19:00:00,20.9,0,,3.0,,,,140,1,28,72,760
116,2024-02-03 20:00:00,20.2,0,,1.0,,,,119,1,28,74,760
117,2024-02-03 21:00:00,16.8,0,,4.0,,,,112,1,27,76,761
118,2024-02-03 22:00:00,15.5,0,,1.0,,,,111,1,27,77,761
119,2024-02-03 23:00:00,10.5,0,,1.0,,,,107,0,27,78,761
120,2024-02-04 00:00:00,12.7,0,,0.0,,,,108,0,27,79,761
121,2024-02-04 01:00:00,13.0,0,,6.0,,,,106,0,27,80,760
122,2024-02-04 02:00:00,9.9,0,,11.0,,,,100,0,27,78,760
123,2024-02-04 03:00:00,13.2,0,,0.0,,,,96,0,26,81,760
124,2024-02-04 04:00:00,14.2,0,,13.0,,,,100,0,26,84,760
125,2024-02-04 05:00:00,15.7,0,,2.0,,,,107,0,25,89,760
126,2024-02-04 06:00:00,23.3,0,,2.0,,,,103,0,25,89,761
127,2024-02-04 07:00:00,24.0,0,,3.0,,,,107,0,25,87,761
128,2024-02-04 08:00:00,29.4,0,,12.0,,,,110,1,28,73,762
129,2024-02-04 09:00:00,19.3,0,,1.0,,,,95,1,30,63,762
130,2024-02-04 10:00:00,16.4,0,,1.0,,,,109,1,31,58,761
131,2024-02-04 11:00:00,17.4,0,,0.0,,,,121,1,33,54,761
132,2024-02-04 12:00:00,17.2,0,,0.0,,,,122,2,33,52,760
133,2024-02-04 13:00:00,15.4,0,,25.0,,,,137,2,33,54,759
134,2024-02-04 14:00:00,17.6,0,,1.0,,,,140,3,33,55,759
135,2024-02-04 15:00:00,20.5,0,,2.0,,,,145,3,32,55,758
136,2024-02-04 16:00:00,20.7,0,,24.0,,,,140,2,31,57,759
137,2024-02-04 17:00:00,25.7,0,,2.0,,,,138,2,30,63,759
138,2024-02-04 18:00:00,21.7,0,,28.0,,,,128,1,29,68,760
139,2024-02-04 19:00:00,22.7,0,,,,,,128,1,28,72,760
140,2024-02-04 20:00:00,26.5,0,,28.0,,,,112,1,28,75,761
141,2024-02-04 21:00:00,22.9,0,,0.0,,,,111,1,27,78,761
142,2024-02-04 22:00:00,29.1,0,,0.0,,,,107,0,27,78,761
143,2024-02-04 23:00:00,27.4,0,,0.0,,,,108,0,27,77,761
144,2024-02-05 00:00:00,22.2,0,,7.0,,,,106,0,27,79,761
145,2024-02-05 01:00:00,28.9,0,,1.0,,,,102,0,26,84,761
146,2024-02-05 02:00:00,36.0,0,,5.0,,,,99,0,26,85,760
147,2024-02-05 03:00:00,31.0,0,,9.0,,,,102,0,25,86,760
148,2024-02-05 04:00:00,27.9,0,,12.0,,,,100,0,25,88,760
149,2024-02-05 05:00:00,31.2,0,,14.0,,,,102,0,25,89,760
150,2024-02-05 06:00:00,30.2,0,,14.0,,,,101,0,25,89,760
151,2024-02-05 07:00:00,33.8,0,,0.0,,,,113,0,25,89,761
152,2024-02-05 08:00:00,39.3,0,,9.0,,,,106,1,27,81,762
153,2024-02-05 09:00:00,43.4,0,,0.0,,,,116,1,29,72,762
154,2024-02-05 10:00:00,26.9,0,,3.0,,,,124,1,30,62,762
155,2024-02-05 11:00:00,25.3,0,,0.0,,,,124,2,32,59,761
156,2024-02-05 12:00:00,26.8,0,,1.0,,,,130,2,33,53,760
157,2024-02-05 13:00:00,22.0,0,,2.0,,,,139,1,33,49,760
158,2024-02-05 14:00:00,21.4,0,,26.0,,,,159,1,33,47,759
159,2024-02-05 15:00:00,24.6,0,,26.0,,,,147,1,33,49,759
160,2024-02-05 16:00:00,22.5,0,,9.0,,,,134,1,32,53,759
161,2024-02-05 17:00:00,25.3,0,,33.0,,,,149,1,31,58,759
162,2024-02-05 18:00:00,15.0,0,,25.0,,,,123,1,29,63,759
163,2024-02-05 19:00:00,19.5,0,,0.0,,,,113,1,28,71,760
164,2024-02-05 20:00:00,17.4,0,,,,,,109,1,28,74,761
165,2024-02-05 21:00:00,16.3,0,,6.0,,,,112,1,28,76,761
166,2024-02-05 22:00:00,16.0,0,,1.0,,,,111,0,27,78,761
167,2024-02-05 23:00:00,17.4,0,,1.0,,,,114,1,27,78,761
168,2024-02-06 00:00:00,,0,,8.0,,,,119,1,27,76,761
169,2024-02-06 01:00:00,,0,,0.0,,,,103,0,27,77,761
170,2024-02-06 02:00:00,19.8,0,,0.0,,,,101,0,26,83,760
171,2024-02-06 03:00:00,23.1,0,,0.0,,,,103,0,26,85,760
172,2024-02-06 04:00:00,20.7,0,,2.0,,,,104,0,25,87,760
173,2024-02-06 05:00:00,24.0,0,,0.0,,,,106,0,25,89,760
174,2024-02-06 06:00:00,23.4,0,,1.0,,,,106,0,25,89,761
175,2024-02-06 07:00:00,26.3,0,,0.0,,,,107,0,25,89,761
176,2024-02-06 08:00:00,31.0,0,,1.0,,,,111,1,26,85,762
177,2024-02-06 09:00:00,32.9,0,,10.0,,,,120,2,28,77,762
178,2024-02-06 10:00:00,26.2,0,,10.0,,,,126,2,30,68,762
179,2024-02-06 11:00:00,20.3,0,,4.0,,,,126,2,31,63,761
180,2024-02-06 12:00:00,19.5,0,,5.0,,,,131,2,32,55,761
181,2024-02-06 13:00:00,13.5,0,,18.0,,,,159,1,33,50,760
182,2024-02-06 14:00:00,12.9,0,,5.0,,,,173,1,33,50,759
183,2024-02-06 15:00:00,11.1,0,,12.0,,,,148,1,33,50,758
184,2024-02-06 16:00:00,,0,,5.0,,,,166,1,32,53,758
185,2024-02-06 17:00:00,,0,,4.0,,,,128,2,31,57,758
186,2024-02-06 18:00:00,12.5,0,,3.0,,,,125,1,30,63,759
187,2024-02-06 19:00:00,13.9,0,,0.0,,,,115,1,29,71,759
188,2024-02-06 20:00:00,20.0,0,,0.0,,,,113,1,28,75,760
189,2024-02-06 21:00:00,19.3,0,,,,,,111,1,28,77,760
190,2024-02-06 22:00:00,17.7,0,,8.0,,,,112,1,28,79,761
191,2024-02-06 23:00:00,18.8,0,,1.0,,,,107,0,28,80,761
192,2024-02-07 00:00:00,17.1,0,,2.0,,,,105,0,28,80,760
193,2024-02-07 01:00:00,13.3,0,,5.0,,,,105,1,27,83,760
194,2024-02-07 02:00:00,18.8,0,,2.0,,,,103,0,26,86,760
195,2024-02-07 03:00:00,22.5,0,,6.0,,,,94,0,26,85,759
196,2024-02-07 04:00:00,18.2,0,,2.0,,,,95,1,26,86,759
197,2024-02-07 05:00:00,27.0,0,,1.0,,,,101,0,26,88,759
198,2024-02-07 06:00:00,31.5,0,,0.0,,,,99,0,25,89,760
199,2024-02-07 07:00:00,24.8,0,,0.0,,,,100,0,26,85,760
200,2024-02-07 08:00:00,28.4,0,,0.0,,,,119,1,28,74,761
201,2024-02-07 09:00:00,22.3,0,,11.0,,,,122,1,30,65,761
202,2024-02-07 10:00:00,22.5,0,,0.0,,,,120,1,31,57,761
203,2024-02-07 11:00:00,20.3,0,,8.0,,,,136,2,33,49,760
204,2024-02-07 12:00:00,16.9,0,,11.0,,,,165,1,33,45,759
205,2024-02-07 13:00:00,16.7,0,,25.0,,,,160,1,33,45,759
206,2024-02-07 14:00:00,14.9,0,,25.0,,,,137,1,33,44,758
207,2024-02-07 15:00:00,20.5,0,,21.0,,,,153,1,33,46,758
208,2024-02-07 16:00:00,15.6,0,,0.0,,,,175,1,32,48,758
209,2024-02-07 17:00:00,18.5,0,,4.0,,,,134,2,30,58,758
210,2024-02-07 18:00:00,20.0,0,,7.0,,,,126,2,29,67,758
211,2024-02-07 19:00:00,23.1,0,,0.0,,,,115,1,29,71,758
212,2024-02-07 20:00:00,20.3,0,,1.0,,,,109,1,28,71,759
213,2024-02-07 21:00:00,21.1,0,,0.0,,,,111,1,28,72,760
214,2024-02-07 22:00:00,20.9,0,,,,,,111,1,27,75,760
215,2024-02-07 23:00:00,20.4,0,,12.0,,,,110,0,27,77,760
216,2024-02-08 00:00:00,20.8,0,,1.0,,,,105,0,27,79,759
217,2024-02-08 01:00:00,17.0,0,,8.0,,,,100,0,27,81,759
218,2024-02-08 02:00:00,16.2,0,,4.0,,,,95,1,26,82,758
219,2024-02-08 03:00:00,25.8,0,,4.0,,,,96,0,26,85,758
220,2024-02-08 04:00:00,27.2,0,,2.0,,,,94,0,26,85,758
221,2024-02-08 05:00:00,31.1,0,,0.0,,,,100,0,25,86,758
222,2024-02-08 06:00:00,29.7,0,,1.0,,,,100,0,25,87,759
223,2024-02-08 07:00:00,27.8,0,,0.0,,,,107,1,26,87,759
224,2024-02-08 08:00:00,37.5,0,,0.0,,,,102,1,28,75,760
225,2024-02-08 09:00:00,34.1,0,,1.0,,,,102,1,30,63,760
226,2024-02-08 10:00:00,22.6,0,,1.0,,,,118,1,32,55,760
227,2024-02-08 11:00:00,18.8,0,,10.0,,,,123,2,33,52,759
228,2024-02-08 12:00:00,15.3,0,,19.0,,,,141,1,34,44,759
229,2024-02-08 13:00:00,13.9,0,,20.0,,,,163,1,34,46,758
230,2024-02-08 14:00:00,11.4,0,,20.0,,,,152,1,33,46,757
231,2024-02-08 15:00:00,14.8,0,,4.0,,,,149,2,33,46,757
232,2024-02-08 16:00:00,15.2,0,,13.0,,,,137,2,32,52,757
233,2024-02-08 17:00:00,14.1,0,,3.0,,,,141,2,31,59,757
234,2024-02-08 18:00:00,18.2,0,,7.0,,,,137,1,29,67,758
235,2024-02-08 19:00:00,15.7,0,,0.0,,,,119,1,29,72,758
236,2024-02-08 20:00:00,16.4,0,,1.0,,,,114,1,28,74,759
237,2024-02-08 21:00:00,18.1,0,,0.0,,,,112,1,28,76,759
238,2024-02-08 22:00:00,18.9,0,,3.0,,,,109,1,28,77,760
239,2024-02-08 23:00:00,24.4,0,,,,,,107,1,28,77,760
240,2024-02-09 00:00:00,20.9,0,,10.0,,,,103,0,27,76,760
241,2024-02-09 01:00:00,13.3,0,,2.0,,,,101,0,27,81,759
242,2024-02-09 02:00:00,18.8,0,,3.0,,,,104,0,27,83,759
243,2024-02-09 03:00:00,18.1,0,,6.0,,,,101,0,27,83,758
244,2024-02-09 04:00:00,24.1,0,,1.0,,,,103,0,26,84,758
245,2024-02-09 05:00:00,28.6,0,,2.0,,,,105,0,26,87,759
246,2024-02-09 06:00:00,31.8,0,,0.0,,,,100,0,26,87,759
247,2024-02-09 07:00:00,27.5,0,,0.0,,,,103,0,26,83,760
248,2024-02-09 08:00:00,31.5,0,,1.0,,,,115,1,29,72,760
249,2024-02-09 09:00:00,20.7,0,,5.0,,,,123,1,30,67,761
250,2024-02-09 10:00:00,24.7,0,,6.0,,,,133,1,31,63,761
251,2024-02-09 11:00:00,28.8,0,,0.0,,,,136,1,32,56,761
252,2024-02-09 12:00:00,27.4,0,,3.0,,,,137,1,33,51,760
253,2024-02-09 13:00:00,28.6,0,,26.0,,,,170,1,33,50,759
254,2024-02-09 14:00:00,28.5,0,,17.0,,,,200,1,33,50,758
255,2024-02-09 15:00:00,28.4,0,,11.0,,,,166,1,33,49,758
256,2024-02-09 16:00:00,,0,,21.0,,,,154,1,32,53,758
257,2024-02-09 17:00:00,23.8,0,,4.0,,,,175,1,30,56,759
258,2024-02-09 18:00:00,18.1,0,,21.0,,,,131,1,29,64,759
259,2024-02-09 19:00:00,16.4,0,,19.0,,,,203,1,28,66,760
260,2024-02-09 20:00:00,19.2,0,,1.0,,,,172,1,28,67,760
261,2024-02-09 21:00:00,16.9,0,,1.0,,,,140,1,28,67,761
262,2024-02-09 22:00:00,18.3,0,,7.0,,,,119,1,28,69,762
263,2024-02-09 23:00:00,19.4,0,,0.0,,,,112,1,28,70,762
264,2024-02-10 00:00:00,16.2,0,,,,,,105,1,27,70,761
265,2024-02-10 01:00:00,16.2,0,,2.0,,,,101,1,27,71,761
266,2024-02-10 02:00:00,15.1,0,,11.0,,,,95,0,26,73,760
267,2024-02-10 03:00:00,18.2,0,,1.0,,,,98,0,26,76,760
268,2024-02-10 04:00:00,18.5,0,,3.0,,,,97,0,26,79,760
269,2024-02-10 05:00:00,22.3,0,,16.0,,,,105,1,26,76,760
270,2024-02-10 06:00:00,21.4,0,,5.0,,,,103,0,25,84,760
271,2024-02-10 07:00:00,22.2,0,,6.0,,,,107,1,26,80,761
272,2024-02-10 08:00:00,25.1,0,,1.0,,,,105,1,28,70,761
273,2024-02-10 09:00:00,21.4,0,,0.0,,,,125,1,29,65,762
274,2024-02-10 10:00:00,24.8,0,,11.0,,,,159,1,31,58,762
275,2024-02-10 11:00:00,17.7,0,,3.0,,,,184,1,32,55,762
276,2024-02-10 12:00:00,15.6,0,,0.0,,,,231,1,32,52,761
277,2024-02-10 13:00:00,17.3,0,,1.0,,,,216,1,33,51,760
278,2024-02-10 14:00:00,14.9,0,,5.0,,,,220,1,33,50,760
279,2024-02-10 15:00:00,15.9,0,,16.0,,,,195,1,33,51,759
280,2024-02-10 16:00:00,17.6,0,,9.0,,,,203,1,32,54,759
281,2024-02-10 17:00:00,20.9,0,,14.0,,,,168,1,31,57,760
282,2024-02-10 18:00:00,17.0,0,,25.0,,,,200,1,29,64,760
283,2024-02-10 19:00:00,18.1,0,,24.0,,,,159,1,29,65,761
284,2024-02-10 20:00:00,26.2,0,,0.0,,,,132,1,29,65,761
285,2024-02-10 21:00:00,25.1,0,,11.0,,,,136,1,28,65,762
286,2024-02-10 22:00:00,24.6,0,,2.0,,,,106,1,28,67,762
287,2024-02-10 23:00:00,25.0,0,,1.0,,,,96,1,28,69,762
288,2024-02-11 00:00:00,22.7,0,,0.0,,,,110,1,28,71,762
289,2024-02-11 01:00:00,24.4,0,,,,,,107,1,27,71,762
290,2024-02-11 02:00:00,22.5,0,,0.0,,,,121,1,28,68,761
291,2024-02-11 03:00:00,21.0,0,,2.0,,,,110,1,27,67,761
292,2024-02-11 04:00:00,18.9,0,,24.0,,,,92,1,27,72,761
293,2024-02-11 05:00:00,16.2,0,,35.0,,,,81,1,27,71,761
294,2024-02-11 06:00:00,15.4,0,,36.0,,,,85,1,27,71,761
295,2024-02-11 07:00:00,19.0,0,,23.0,,,,86,1,27,67,762
296,2024-02-11 08:00:00,22.2,0,,10.0,,,,121,1,28,64,762
297,2024-02-11 09:00:00,21.7,0,,4.0,,,,139,1,29,60,763
298,2024-02-11 10:00:00,25.1,0,,4.0,,,,222,0,30,56,763
299,2024-02-11 11:00:00,18.2,0,,2.0,,,,228,1,31,53,763
300,2024-02-11 12:00:00,18.2,0,,1.0,,,,239,2,32,48,762
301,2024-02-11 13:00:00,16.8,0,,11.0,,,,245,2,32,47,762
302,2024-02-11 14:00:00,17.7,0,,21.0,,,,238,2,32,46,761
303,2024-02-11 15:00:00,19.5,0,,10.0,,,,219,1,32,50,761
304,2024-02-11 16:00:00,21.5,0,,34.0,,,,235,1,31,52,761
305,2024-02-11 17:00:00,19.3,0,,34.0,,,,218,1,30,57,761
306,2024-02-11 18:00:00,17.2,0,,34.0,,,,171,1,29,62,761
307,2024-02-11 19:00:00,18.8,0,,25.0,,,,160,1,28,63,761
308,2024-02-11 20:00:00,,0,,,,,,141,1,28,63,762
309,2024-02-11 21:00:00,,0,,3.0,,,,146,1,28,63,762
310,2024-02-11 22:00:00,20.2,0,,2.0,,,,128,1,28,64,762
311,2024-02-11 23:00:00,24.0,0,,1.0,,,,110,1,28,67,762
312,2024-02-12 00:00:00,20.7,0,,23.0,,,,112,1,27,68,762
313,2024-02-12 01:00:00,22.2,0,,4.0,,,,92,1,27,70,761
314,2024-02-12 02:00:00,22.6,0,,,,,,88,1,27,70,761
315,2024-02-12 03:00:00,21.5,0,,41.0,,,,109,1,27,70,761
316,2024-02-12 04:00:00,18.7,0,,41.0,,,,93,1,27,71,761
317,2024-02-12 05:00:00,20.6,0,,41.0,,,,106,1,26,72,761
318,2024-02-12 06:00:00,21.4,0,,28.0,,,,103,1,26,72,761
319,2024-02-12 07:00:00,25.9,0,,4.0,,,,75,1,27,70,761
320,2024-02-12 08:00:00,27.8,0,,2.0,,,,101,1,28,69,762
321,2024-02-12 09:00:00,24.5,0,,9.0,,,,136,1,29,65,762
322,2024-02-12 10:00:00,19.3,0,,2.0,,,,230,1,30,56,762
323,2024-02-12 11:00:00,21.9,0,,1.0,,,,225,1,31,52,762
324,2024-02-12 12:00:00,22.8,0,,16.0,,,,225,1,32,49,761
325,2024-02-12 13:00:00,20.8,0,,1.0,,,,226,1,32,47,761
326,2024-02-12 14:00:00,19.3,0,,1.0,,,,241,2,32,48,760
327,2024-02-12 15:00:00,19.7,0,,8.0,,,,241,2,31,49,760
328,2024-02-12 16:00:00,17.1,0,,15.0,,,,205,1,31,52,760
329,2024-02-12 17:00:00,22.2,0,,0.0,,,,230,1,30,57,760
330,2024-02-12 18:00:00,20.7,0,,30.0,,,,198,1,28,63,761
331,2024-02-12 19:00:00,22.2,0,,4.0,,,,205,1,28,65,761
332,2024-02-12 20:00:00,20.5,0,,14.0,,,,193,1,28,67,762
333,2024-02-12 21:00:00,20.2,0,,3.0,,,,207,1,28,69,762
334,2024-02-12 22:00:00,21.1,0,,4.0,,,,170,1,27,70,762
335,2024-02-12 23:00:00,22.5,0,,6.0,,,,211,2,27,71,762
336,2024-02-13 00:00:00,25.1,0,,16.0,,,,215,1,27,72,762
337,2024-02-13 01:00:00,22.3,0,,1.0,,,,214,1,27,70,761
338,2024-02-13 02:00:00,16.2,0,,16.0,,,,201,1,27,67,761
339,2024-02-13 03:00:00,19.2,0,,,,,,123,1,27,68,760
340,2024-02-13 04:00:00,16.5,0,,40.0,,,,104,1,27,73,760
341,2024-02-13 05:00:00,17.3,0,,41.0,,,,115,1,27,73,760
342,2024-02-13 06:00:00,20.0,0,,39.0,,,,115,1,26,75,760
343,2024-02-13 07:00:00,25.8,0,,13.0,,,,124,1,27,75,761
344,2024-02-13 08:00:00,22.2,0,,4.0,,,,105,1,28,70,761
345,2024-02-13 09:00:00,22.3,0,,5.0,,,,140,1,29,66,761
346,2024-02-13 10:00:00,18.0,0,,2.0,,,,148,1,30,60,761
347,2024-02-13 11:00:00,21.1,0,,0.0,,,,176,1,31,53,761
348,2024-02-13 12:00:00,21.2,0,,23.0,,,,209,1,32,51,761
349,2024-02-13 13:00:00,20.2,0,,10.0,,,,204,1,32,52,760
350,2024-02-13 14:00:00,19.0,0,,8.0,,,,196,1,32,52,759
351,2024-02-13 15:00:00,15.3,0,,23.0,,,,172,1,31,56,759
352,2024-02-13 16:00:00,18.0,0,,33.0,,,,210,1,30,58,759
353,2024-02-13 17:00:00,19.5,0,,31.0,,,,175,1,29,60,759
354,2024-02-13 18:00:00,20.6,0,,12.0,,,,158,1,29,65,759
355,2024-02-13 19:00:00,25.6,0,,15.0,,,,141,1,28,69,760
356,2024-02-13 20:00:00,19.2,0,,14.0,,,,131,1,28,70,760
357,2024-02-13 21:00:00,18.3,0,,2.0,,,,133,1,28,68,761
358,2024-02-13 22:00:00,17.2,0,,3.0,,,,134,1,28,70,761
359,2024-02-13 23:00:00,15.8,0,,4.0,,,,125,1,28,71,761
360,2024-02-14 00:00:00,18.7,0,,24.0,,,,125,1,28,71,760
361,2024-02-14 01:00:00,21.5,0,,,,,,113,1,27,77,760
362,2024-02-14 02:00:00,15.2,0,,139.0,,,,116,1,26,84,760
363,2024-02-14 03:00:00,13.8,0,,107.0,,,,141,1,27,80,759
364,2024-02-14 04:00:00,13.3,1,,,,,,123,1,26,83,759
365,2024-02-14 05:00:00,12.3,0,,26.0,,,,179,1,26,79,759
366,2024-02-14 06:00:00,15.2,0,,18.0,,,,132,1,26,82,760
367,2024-02-14 07:00:00,20.8,1,,5.0,,,,137,1,26,85,760
368,2024-02-14 08:00:00,16.3,0,,0.0,,,,131,1,27,85,760
369,2024-02-14 09:00:00,19.2,0,,0.0,,,,137,1,28,77,761
370,2024-02-14 10:00:00,18.3,0,,3.0,,,,219,1,30,66,761
371,2024-02-14 11:00:00,19.1,0,,3.0,,,,207,1,30,68,760
372,2024-02-14 12:00:00,17.8,0,,2.0,,,,228,1,32,59,759
373,2024-02-14 13:00:00,18.2,0,,7.0,,,,212,1,32,59,759
374,2024-02-14 14:00:00,17.8,0,,23.0,,,,189,1,32,59,758
375,2024-02-14 15:00:00,23.9,0,,23.0,,,,173,1,31,61,758
376,2024-02-14 16:00:00,15.6,0,,24.0,,,,216,1,30,63,758
377,2024-02-14 17:00:00,17.6,0,,10.0,,,,194,1,30,66,758
378,2024-02-14 18:00:00,19.6,0,,4.0,,,,204,1,29,71,758
379,2024-02-14 19:00:00,26.3,0,,0.0,,,,191,1,28,73,759
380,2024-02-14 20:00:00,23.1,0,,4.0,,,,187,1,28,74,759
381,2024-02-14 21:00:00,21.3,0,,6.0,,,,158,1,28,75,760
382,2024-02-14 22:00:00,20.9,0,,6.0,,,,134,1,28,74,760
383,2024-02-14 23:00:00,15.4,0,,3.0,,,,104,1,28,74,760
384,2024-02-15 00:00:00,15.9,0,,3.0,,,,121,1,27,77,760
385,2024-02-15 01:00:00,19.9,0,,22.0,,,,135,1,27,78,759
386,2024-02-15 02:00:00,18.3,0,,23.0,,,,157,1,27,78,759
387,2024-02-15 03:00:00,10.6,0,,23.0,,,,145,1,27,79,759
388,2024-02-15 04:00:00,13.3,0,,23.0,,,,143,1,27,80,759
389,2024-02-15 05:00:00,12.1,0,,,,,,143,1,27,80,759
390,2024-02-15 06:00:00,18.9,0,,22.0,,,,122,1,27,81,759
391,2024-02-15 07:00:00,23.3,0,,3.0,,,,124,1,27,79,760
392,2024-02-15 08:00:00,23.3,0,,4.0,,,,148,1,29,70,760
393,2024-02-15 09:00:00,13.2,0,,2.0,,,,165,0,31,61,761
394,2024-02-15 10:00:00,22.4,0,,2.0,,,,224,1,31,57,761
395,2024-02-15 11:00:00,18.8,0,,4.0,,,,229,1,32,55,760
396,2024-02-15 12:00:00,18.2,0,,20.0,,,,253,1,32,51,760
397,2024-02-15 13:00:00,17.8,0,,3.0,,,,233,1,33,50,759
398,2024-02-15 14:00:00,18.6,0,,8.0,,,,217,1,33,51,759
399,2024-02-15 15:00:00,13.4,0,,2.0,,,,198,1,32,53,758
400,2024-02-15 16:00:00,15.8,0,,5.0,,,,189,1,32,56,758
401,2024-02-15 17:00:00,17.6,0,,3.0,,,,198,1,30,61,759
402,2024-02-15 18:00:00,16.1,0,,2.0,,,,207,1,29,66,759
403,2024-02-15 19:00:00,16.9,0,,9.0,,,,208,1,28,70,759
404,2024-02-15 20:00:00,19.3,0,,2.0,,,,202,1,28,71,760
405,2024-02-15 21:00:00,13.2,0,,2.0,,,,177,1,28,73,760
406,2024-02-15 22:00:00,23.3,0,,0.0,,,,120,1,28,73,760
407,2024-02-15 23:00:00,17.9,0,,3.0,,,,120,1,28,74,760
408,2024-02-16 00:00:00,22.7,0,,8.0,,,,113,1,28,73,760
409,2024-02-16 01:00:00,16.9,0,,6.0,,,,109,1,28,74,759
410,2024-02-16 02:00:00,17.7,0,,0.0,,,,115,1,27,75,759
411,2024-02-16 03:00:00,12.2,0,,22.0,,,,99,1,27,76,759
412,2024-02-16 04:00:00,13.9,0,,22.0,,,,105,1,27,78,759
413,2024-02-16 05:00:00,12.8,0,,16.0,,,,115,1,27,78,759
414,2024-02-16 06:00:00,19.9,0,,,,,,99,1,27,79,759
415,2024-02-16 07:00:00,19.9,0,,0.0,,,,106,1,27,76,760
416,2024-02-16 08:00:00,20.4,0,,17.0,,,,108,1,29,70,760
417,2024-02-16 09:00:00,16.0,0,,1.0,,,,121,1,30,61,761
418,2024-02-16 10:00:00,19.2,0,,9.0,,,,152,1,31,54,761
419,2024-02-16 11:00:00,15.8,0,,6.0,,,,188,1,32,52,761
420,2024-02-16 12:00:00,16.2,0,,4.0,,,,222,1,32,50,760
421,2024-02-16 13:00:00,14.4,0,,0.0,,,,204,1,33,47,760
422,2024-02-16 14:00:00,18.2,0,,2.0,,,,147,1,33,47,759
423,2024-02-16 15:00:00,9.2,0,,23.0,,,,152,1,33,46,759
424,2024-02-16 16:00:00,17.1,0,,2.0,,,,192,1,32,52,758
425,2024-02-16 17:00:00,15.2,0,,4.0,,,,148,1,30,60,758
426,2024-02-16 18:00:00,20.3,0,,7.0,,,,138,1,29,67,759
427,2024-02-16 19:00:00,19.1,0,,2.0,,,,129,1,28,71,759
428,2024-02-16 20:00:00,19.6,0,,0.0,,,,124,1,28,71,759
429,2024-02-16 21:00:00,14.4,0,,2.0,,,,111,1,28,72,760
430,2024-02-16 22:00:00,15.4,0,,2.0,,,,113,1,28,73,760
431,2024-02-16 23:00:00,16.2,0,,11.0,,,,110,1,28,74,760
432,2024-02-17 00:00:00,17.8,0,,18.0,,,,111,1,27,75,759
433,2024-02-17 01:00:00,14.5,0,,1.0,,,,102,1,27,75,759
434,2024-02-17 02:00:00,14.7,0,,17.0,,,,95,1,27,77,758
435,2024-02-17 03:00:00,16.2,0,,21.0,,,,110,1,27,77,758
436,2024-02-17 04:00:00,17.1,0,,21.0,,,,117,1,26,78,758
437,2024-02-17 05:00:00,16.2,0,,20.0,,,,117,1,26,77,758
438,2024-02-17 06:00:00,21.0,0,,2.0,,,,113,1,26,78,759
439,2024-02-17 07:00:00,26.1,0,,,,,,130,1,27,77,759
440,2024-02-17 08:00:00,19.2,0,,17.0,,,,115,1,28,71,760
441,2024-02-17 09:00:00,17.1,0,,1.0,,,,120,1,29,64,760
442,2024-02-17 10:00:00,22.4,0,,0.0,,,,147,1,30,57,760
443,2024-02-17 11:00:00,21.3,0,,1.0,,,,151,1,32,50,760
444,2024-02-17 12:00:00,23.2,0,,20.0,,,,160,1,32,46,759
445,2024-02-17 13:00:00,20.8,0,,0.0,,,,161,1,33,40,759
446,2024-02-17 14:00:00,15.6,0,,25.0,,,,159,1,33,42,758
447,2024-02-17 15:00:00,18.5,0,,25.0,,,,157,2,32,47,757
448,2024-02-17 16:00:00,21.0,0,,25.0,,,,152,1,32,50,757
449,2024-02-17 17:00:00,17.2,0,,23.0,,,,155,1,30,55,757
450,2024-02-17 18:00:00,15.3,0,,21.0,,,,180,1,29,64,758
451,2024-02-17 19:00:00,18.5,0,,21.0,,,,165,1,28,68,758
452,2024-02-17 20:00:00,19.2,0,,22.0,,,,137,1,28,70,759
453,2024-02-17 21:00:00,15.7,0,,22.0,,,,123,1,28,69,759
454,2024-02-17 22:00:00,22.6,0,,18.0,,,,112,1,28,69,760
455,2024-02-17 23:00:00,17.1,0,,15.0,,,,106,1,28,70,760
456,2024-02-18 00:00:00,17.1,0,,13.0,,,,103,1,27,71,759
457,2024-02-18 01:00:00,14.6,0,,20.0,,,,110,1,27,72,759
458,2024-02-18 02:00:00,16.3,0,,20.0,,,,107,1,27,75,758
459,2024-02-18 03:00:00,16.7,0,,21.0,,,,109,1,27,76,758
460,2024-02-18 04:00:00,14.6,0,,20.0,,,,112,1,27,75,758
461,2024-02-18 05:00:00,17.0,0,,19.0,,,,107,0,26,77,758
462,2024-02-18 06:00:00,23.8,0,,19.0,,,,112,1,26,76,759
463,2024-02-18 07:00:00,23.6,0,,19.0,,,,114,1,27,75,759
464,2024-02-18 08:00:00,22.2,0,,,,,,120,1,29,68,760
465,2024-02-18 09:00:00,,0,,24.0,,,,121,1,30,61,760
466,2024-02-18 10:00:00,,0,,23.0,,,,126,1,31,57,760
467,2024-02-18 11:00:00,17.9,0,,23.0,,,,159,1,32,53,760
468,2024-02-18 12:00:00,18.6,0,,23.0,,,,202,1,32,54,759
469,2024-02-18 13:00:00,17.3,0,,23.0,,,,218,1,32,55,758
470,2024-02-18 14:00:00,17.2,0,,22.0,,,,199,1,32,58,758
471,2024-02-18 15:00:00,14.8,0,,19.0,,,,180,1,31,60,757
472,2024-02-18 16:00:00,16.0,0,,19.0,,,,160,1,30,65,757
473,2024-02-18 17:00:00,18.0,0,,18.0,,,,131,1,29,68,757
474,2024-02-18 18:00:00,21.0,0,,18.0,,,,120,1,29,69,758
475,2024-02-18 19:00:00,22.7,0,,17.0,,,,116,1,27,81,758
476,2024-02-18 20:00:00,21.5,0,,12.0,,,,111,1,27,86,759
477,2024-02-18 21:00:00,27.0,0,,16.0,,,,106,0,27,82,760
478,2024-02-18 22:00:00,24.7,0,,28.0,,,,105,1,28,78,760
479,2024-02-18 23:00:00,14.2,0,,23.0,,,,107,1,28,77,760
480,2024-02-19 00:00:00,14.4,0,,18.0,,,,108,1,28,76,759
481,2024-02-19 01:00:00,17.5,0,,17.0,,,,106,1,28,76,759
482,2024-02-19 02:00:00,14.0,0,,18.0,,,,104,0,28,76,758
483,2024-02-19 03:00:00,13.6,0,,18.0,,,,96,1,28,74,758
484,2024-02-19 04:00:00,14.4,0,,17.0,,,,94,1,27,78,758
485,2024-02-19 05:00:00,13.2,0,,18.0,,,,102,1,27,78,759
486,2024-02-19 06:00:00,13.5,0,,15.0,,,,102,0,27,78,759
487,2024-02-19 07:00:00,19.7,0,,14.0,,,,96,1,28,76,760
488,2024-02-19 08:00:00,19.0,0,,18.0,,,,112,1,29,71,760
489,2024-02-19 09:00:00,10.2,0,,,,,,115,1,31,61,760
490,2024-02-19 10:00:00,13.5,0,,22.0,,,,136,1,31,57,760
491,2024-02-19 11:00:00,14.4,0,,22.0,,,,147,1,32,55,760
492,2024-02-19 12:00:00,14.7,0,,24.0,,,,139,2,32,55,759
493,2024-02-19 13:00:00,10.6,0,,23.0,,,,155,1,33,52,759
494,2024-02-19 14:00:00,11.9,0,,20.0,,,,169,1,33,57,758
495,2024-02-19 15:00:00,9.8,0,,19.0,,,,157,1,31,60,757
496,2024-02-19 16:00:00,8.5,0,,18.0,,,,177,1,31,60,757
497,2024-02-19 17:00:00,12.7,0,,15.0,,,,144,1,30,65,757
498,2024-02-19 18:00:00,14.1,0,,18.0,,,,126,1,29,69,757
499,2024-02-19 19:00:00,20.0,0,,17.0,,,,119,1,29,74,758
500,2024-02-19 20:00:00,18.8,0,,17.0,,,,110,1,28,77,759
501,2024-02-19 21:00:00,19.8,0,,26.0,,,,112,1,28,78,760
502,2024-02-19 22:00:00,23.5,0,,26.0,,,,115,1,28,78,760
503,2024-02-19 23:00:00,13.0,0,,15.0,,,,117,1,28,78,759
504,2024-02-20 00:00:00,11.3,0,,15.0,,,,111,1,28,78,759
505,2024-02-20 01:00:00,15.2,0,,9.0,,,,111,0,27,83,759
506,2024-02-20 02:00:00,19.2,0,,7.0,,,,107,0,27,85,758
507,2024-02-20 03:00:00,11.8,0,,8.0,,,,107,0,27,87,758
508,2024-02-20 04:00:00,14.3,0,,7.0,,,,107,0,27,87,757
509,2024-02-20 05:00:00,18.9,0,,4.0,,,,106,0,26,88,758
510,2024-02-20 06:00:00,26.2,0,,3.0,,,,106,0,26,89,759
511,2024-02-20 07:00:00,28.9,0,,6.0,,,,105,0,27,85,759
512,2024-02-20 08:00:00,31.4,0,,18.0,,,,112,1,29,69,760
513,2024-02-20 09:00:00,19.0,0,,25.0,,,,93,1,31,62,760
514,2024-02-20 10:00:00,15.7,0,,,,,,104,1,32,56,760
515,2024-02-20 11:00:00,17.8,0,,19.0,,,,127,1,34,48,760
516,2024-02-20 12:00:00,14.5,0,,19.0,,,,167,1,34,47,759
517,2024-02-20 13:00:00,13.5,0,,19.0,,,,170,1,34,48,758
518,2024-02-20 14:00:00,9.8,0,,19.0,,,,151,1,34,46,758
519,2024-02-20 15:00:00,10.7,0,,20.0,,,,194,1,33,52,757
520,2024-02-20 16:00:00,14.7,0,,18.0,,,,175,1,32,59,757
521,2024-02-20 17:00:00,13.1,0,,16.0,,,,140,1,30,65,757
522,2024-02-20 18:00:00,19.0,0,,17.0,,,,129,1,29,70,758
523,2024-02-20 19:00:00,18.3,0,,16.0,,,,115,1,29,72,758
524,2024-02-20 20:00:00,13.1,0,,18.0,,,,116,2,29,73,759
525,2024-02-20 21:00:00,10.9,0,,27.0,,,,110,1,28,73,759
526,2024-02-20 22:00:00,10.3,0,,27.0,,,,108,1,28,75,759
527,2024-02-20 23:00:00,11.5,0,,21.0,,,,108,1,28,77,759
528,2024-02-21 00:00:00,12.6,0,,13.0,,,,106,0,28,80,759
529,2024-02-21 01:00:00,20.4,0,,9.0,,,,105,0,27,82,758
530,2024-02-21 02:00:00,19.8,0,,9.0,,,,105,0,27,84,758
531,2024-02-21 03:00:00,12.3,0,,6.0,,,,95,1,27,84,758
532,2024-02-21 04:00:00,13.9,0,,5.0,,,,109,0,26,87,758
533,2024-02-21 05:00:00,20.6,0,,4.0,,,,109,0,26,89,758
534,2024-02-21 06:00:00,25.7,0,,2.0,,,,112,0,26,89,758
535,2024-02-21 07:00:00,21.8,0,,7.0,,,,109,0,26,87,759
536,2024-02-21 08:00:00,24.0,0,,16.0,,,,108,1,28,72,759
537,2024-02-21 09:00:00,17.7,0,,23.0,,,,102,1,30,62,760
538,2024-02-21 10:00:00,12.8,0,,31.0,,,,118,1,32,54,760
539,2024-02-21 11:00:00,10.2,0,,,,,,130,1,33,47,760
540,2024-02-21 12:00:00,9.2,0,,22.0,,,,127,1,34,45,759
541,2024-02-21 13:00:00,9.5,0,,23.0,,,,142,1,34,44,758
542,2024-02-21 14:00:00,8.4,0,,28.0,,,,147,2,34,43,757
543,2024-02-21 15:00:00,13.6,0,,30.0,,,,155,1,34,45,757
544,2024-02-21 16:00:00,17.9,0,,28.0,,,,174,1,33,52,757
545,2024-02-21 17:00:00,14.0,0,,25.0,,,,151,2,31,57,757
546,2024-02-21 18:00:00,16.1,0,,22.0,,,,138,1,30,66,757
547,2024-02-21 19:00:00,19.4,0,,19.0,,,,120,1,29,71,758
548,2024-02-21 20:00:00,14.4,0,,20.0,,,,116,1,28,73,758
549,2024-02-21 21:00:00,18.2,0,,30.0,,,,113,1,28,74,759
550,2024-02-21 22:00:00,16.4,0,,29.0,,,,109,1,28,75,760
551,2024-02-21 23:00:00,11.4,0,,20.0,,,,107,1,28,76,760
552,2024-02-22 00:00:00,17.5,0,,19.0,,,,106,1,28,76,759
553,2024-02-22 01:00:00,17.0,0,,17.0,,,,108,1,27,78,759
554,2024-02-22 02:00:00,15.6,0,,14.0,,,,106,0,27,81,758
555,2024-02-22 03:00:00,13.4,0,,12.0,,,,114,0,26,83,758
556,2024-02-22 04:00:00,11.8,0,,7.0,,,,109,0,26,86,758
557,2024-02-22 05:00:00,20.1,0,,11.0,,,,101,1,26,83,758
558,2024-02-22 06:00:00,20.5,0,,3.0,,,,105,0,26,85,759
559,2024-02-22 07:00:00,25.9,0,,4.0,,,,103,1,26,84,759
560,2024-02-22 08:00:00,25.4,0,,21.0,,,,118,1,29,69,760
561,2024-02-22 09:00:00,15.2,0,,25.0,,,,108,1,31,60,760
562,2024-02-22 10:00:00,12.9,0,,27.0,,,,134,1,31,56,760
563,2024-02-22 11:00:00,13.2,0,,27.0,,,,136,1,33,51,760
564,2024-02-22 12:00:00,10.0,0,,,,,,138,1,33,48,759
565,2024-02-22 13:00:00,11.2,0,,24.0,,,,144,1,33,46,759
566,2024-02-22 14:00:00,8.5,0,,24.0,,,,170,1,33,45,758
567,2024-02-22 15:00:00,8.6,0,,22.0,,,,156,1,33,45,758
568,2024-02-22 16:00:00,7.9,0,,22.0,,,,138,2,33,49,757
569,2024-02-22 17:00:00,9.7,0,,21.0,,,,156,1,31,55,758
570,2024-02-22 18:00:00,10.3,0,,20.0,,,,157,1,29,64,758
571,2024-02-22 19:00:00,11.2,0,,19.0,,,,118,1,29,68,759
572,2024-02-22 20:00:00,12.0,0,,21.0,,,,118,2,28,69,759
573,2024-02-22 21:00:00,12.5,0,,22.0,,,,110,1,28,70,760
574,2024-02-22 22:00:00,9.8,0,,28.0,,,,109,1,28,72,760
575,2024-02-22 23:00:00,9.3,0,,20.0,,,,107,1,28,74,760
576,2024-02-23 00:00:00,10.5,0,,15.0,,,,106,1,27,76,760
577,2024-02-23 01:00:00,12.6,0,,10.0,,,,107,1,27,79,759
578,2024-02-23 02:00:00,16.2,0,,10.0,,,,106,1,26,82,759
579,2024-02-23 03:00:00,14.8,0,,9.0,,,,105,0,26,84,759
580,2024-02-23 04:00:00,16.9,0,,8.0,,,,105,0,26,85,759
581,2024-02-23 05:00:00,16.1,0,,5.0,,,,106,1,25,87,759
582,2024-02-23 06:00:00,21.7,0,,2.0,,,,105,0,25,88,759
583,2024-02-23 07:00:00,23.0,0,,5.0,,,,102,0,26,83,760
584,2024-02-23 08:00:00,,0,,,,,,113,1,28,71,760
585,2024-02-23 09:00:00,,0,,,,,,131,1,30,63,760
586,2024-02-23 10:00:00,12.1,0,,,,,,159,1,31,56,760
587,2024-02-23 11:00:00,10.1,0,,,,,,164,1,32,52,760
588,2024-02-23 12:00:00,7.3,0,,,,,,171,1,32,50,760
589,2024-02-23 13:00:00,6.9,0,,,,,,176,1,33,49,759
590,2024-02-23 14:00:00,5.3,0,,,,,,175,1,33,48,758
591,2024-02-23 15:00:00,5.6,0,,,,,,185,1,33,50,758
592,2024-02-23 16:00:00,8.6,0,,,,,,192,1,32,52,758
593,2024-02-23 17:00:00,10.0,0,,,,,,189,1,31,53,758
594,2024-02-23 18:00:00,12.1,0,,,,,,136,1,30,62,758
595,2024-02-23 19:00:00,10.4,0,,,,,,131,1,29,68,759
596,2024-02-23 20:00:00,15.6,0,,,,,,112,1,28,71,759
597,2024-02-23 21:00:00,18.3,0,,,,,,113,1,28,73,759
598,2024-02-23 22:00:00,12.4,0,,,,,,111,1,28,75,760
599,2024-02-23 23:00:00,10.2,0,,,,,,115,1,28,75,759
600,2024-02-24 00:00:00,12.6,0,,,,,,109,1,27,76,759
601,2024-02-24 01:00:00,10.0,0,,,,,,117,1,27,75,759
602,2024-02-24 02:00:00,11.4,0,,,,,,119,1,27,73,758
603,2024-02-24 03:00:00,7.2,0,,,,,,110,1,27,76,758
604,2024-02-24 04:00:00,8.8,0,,,,,,106,1,27,77,758
605,2024-02-24 05:00:00,11.1,0,,,,,,103,1,27,76,759
606,2024-02-24 06:00:00,18.9,0,,,,,,103,1,26,78,759
607,2024-02-24 07:00:00,15.0,0,,,,,,92,1,27,75,760
608,2024-02-24 08:00:00,10.3,0,,,,,,115,1,29,67,760
609,2024-02-24 09:00:00,13.7,0,,,,,,115,1,31,58,760
610,2024-02-24 10:00:00,11.7,0,,,,,,125,1,31,54,760
611,2024-02-24 11:00:00,10.2,0,,,,,,161,1,32,47,760
612,2024-02-24 12:00:00,8.2,0,,,,,,139,1,33,47,759
613,2024-02-24 13:00:00,9.2,0,,,,,,152,1,33,46,759
614,2024-02-24 14:00:00,6.8,0,,,,,,149,1,33,48,758
615,2024-02-24 15:00:00,6.4,0,,,,,,166,1,33,48,757
616,2024-02-24 16:00:00,12.4,0,,,,,,159,1,32,51,757
617,2024-02-24 17:00:00,10.9,0,,,,,,179,1,31,54,757
618,2024-02-24 18:00:00,14.0,0,,,,,,190,1,30,61,757
619,2024-02-24 19:00:00,17.5,0,,,,,,154,1,29,68,758
620,2024-02-24 20:00:00,16.1,0,,,,,,132,2,28,69,759
621,2024-02-24 21:00:00,12.7,0,,,,,,121,1,28,71,759
622,2024-02-24 22:00:00,11.1,0,,,,,,118,2,28,74,759
623,2024-02-24 23:00:00,17.0,0,,,,,,114,1,28,72,759
624,2024-02-25 00:00:00,13.3,0,,,,,,123,1,28,72,759
625,2024-02-25 01:00:00,10.5,0,,,,,,135,1,27,73,758
626,2024-02-25 02:00:00,10.8,0,,,,,,144,1,27,74,758
627,2024-02-25 03:00:00,7.1,0,,,,,,92,1,27,75,758
628,2024-02-25 04:00:00,10.0,0,,,,,,97,1,26,77,758
629,2024-02-25 05:00:00,13.3,0,,,,,,100,1,26,77,758
630,2024-02-25 06:00:00,16.3,0,,,,,,97,1,26,78,758
631,2024-02-25 07:00:00,13.2,0,,,,,,100,1,27,75,759
632,2024-02-25 08:00:00,13.7,0,,,,,,92,1,29,65,759
633,2024-02-25 09:00:00,10.5,0,,,,,,111,1,31,59,760
634,2024-02-25 10:00:00,12.4,0,,,,,,135,1,32,54,760
635,2024-02-25 11:00:00,17.8,0,,,,,,138,1,33,48,759
636,2024-02-25 12:00:00,15.7,0,,,,,,185,1,34,44,759
637,2024-02-25 13:00:00,12.0,0,,,,,,172,1,33,51,758
638,2024-02-25 14:00:00,13.6,0,,,,,,159,1,33,52,758
639,2024-02-25 15:00:00,17.5,0,,,,,,155,1,33,54,757
640,2024-02-25 16:00:00,20.0,0,,,,,,153,2,32,58,757
641,2024-02-25 17:00:00,20.4,0,,,,,,156,2,31,61,757
642,2024-02-25 18:00:00,22.6,0,,,,,,144,1,29,67,757
643,2024-02-25 19:00:00,26.2,0,,,,,,126,2,29,69,758
644,2024-02-25 20:00:00,25.4,0,,,,,,185,1,29,72,759
645,2024-02-25 21:00:00,19.1,0,,,,,,142,1,28,72,759
646,2024-02-25 22:00:00,21.2,0,,,,,,140,1,28,68,759
647,2024-02-25 23:00:00,17.7,0,,,,,,113,1,28,70,760
648,2024-02-26 00:00:00,18.1,0,,,,,,120,1,28,72,759
649,2024-02-26 01:00:00,15.2,0,,,,,,124,1,28,74,759
650,2024-02-26 02:00:00,14.8,0,,,,,,125,1,27,74,758
651,2024-02-26 03:00:00,12.9,0,,,,,,122,1,27,74,758
652,2024-02-26 04:00:00,17.3,0,,,,,,123,1,27,75,758
653,2024-02-26 05:00:00,15.6,0,,,,,,122,1,27,75,758
654,2024-02-26 06:00:00,27.4,0,,,,,,115,1,27,76,758
655,2024-02-26 07:00:00,27.3,0,,,,,,121,1,28,73,759
656,2024-02-26 08:00:00,19.2,0,,,,,,117,1,29,68,759
657,2024-02-26 09:00:00,22.5,0,,,,,,135,1,30,63,760
658,2024-02-26 10:00:00,22.4,0,,,,,,200,1,32,55,760
659,2024-02-26 11:00:00,18.9,0,,,,,,158,1,32,52,759
660,2024-02-26 12:00:00,20.0,0,,,,,,221,1,33,49,759
661,2024-02-26 13:00:00,18.3,0,,,,,,171,1,33,45,758
662,2024-02-26 14:00:00,17.8,0,,,,,,201,1,33,47,758
663,2024-02-26 15:00:00,19.8,0,,,,,,153,1,33,51,757
664,2024-02-26 16:00:00,18.3,0,,,,,,163,1,32,54,757
665,2024-02-26 17:00:00,16.8,0,,,,,,187,1,31,56,757
666,2024-02-26 18:00:00,22.9,0,,,,,,158,1,30,63,757
667,2024-02-26 19:00:00,19.8,0,,,,,,170,1,29,69,757
668,2024-02-26 20:00:00,20.2,0,,,,,,191,1,29,72,758
669,2024-02-26 21:00:00,16.0,0,,,,,,139,1,28,72,758
670,2024-02-26 22:00:00,18.7,0,,,,,,119,1,28,72,758
671,2024-02-26 23:00:00,16.6,0,,,,,,116,1,28,72,758
672,2024-02-27 00:00:00,14.1,0,,,,,,102,1,28,72,758
673,2024-02-27 01:00:00,17.2,0,,,,,,96,1,28,73,758
674,2024-02-27 02:00:00,11.5,0,,,,,,114,1,28,74,758
675,2024-02-27 03:00:00,9.7,0,,,,,,94,1,27,75,758
676,2024-02-27 04:00:00,12.4,0,,,,,,95,1,27,77,758
677,2024-02-27 05:00:00,18.8,0,,,,,,114,1,27,77,758
678,2024-02-27 06:00:00,24.7,0,,,,,,103,1,27,77,758
679,2024-02-27 07:00:00,17.7,0,,,,,,108,1,27,75,759
680,2024-02-27 08:00:00,20.6,0,,,,,,96,1,29,67,759
681,2024-02-27 09:00:00,18.4,0,,,,,,119,1,30,62,760
682,2024-02-27 10:00:00,,0,,0.0,,,,162,1,32,52,760
683,2024-02-27 11:00:00,,0,,5.0,,,,149,1,32,51,759
684,2024-02-27 12:00:00,15.3,0,,13.0,,,,188,1,33,49,759
685,2024-02-27 13:00:00,12.3,0,,2.0,,,,168,1,33,48,758
686,2024-02-27 14:00:00,10.2,0,,21.0,,,,186,1,33,49,757
687,2024-02-27 15:00:00,18.1,0,,23.0,,,,190,1,32,51,757
688,2024-02-27 16:00:00,13.5,0,,0.0,,,,181,1,32,56,756
689,2024-02-27 17:00:00,12.1,0,,,,,,197,1,30,61,757
690,2024-02-27 18:00:00,15.3,0,,3.0,,,,178,1,29,66,757
691,2024-02-27 19:00:00,21.7,0,,9.0,,,,162,1,29,67,757
692,2024-02-27 20:00:00,17.5,0,,1.0,,,,134,1,29,68,758
693,2024-02-27 21:00:00,21.1,0,,0.0,,,,140,1,29,69,758
694,2024-02-27 22:00:00,23.2,0,,0.0,,,,111,1,29,70,758
695,2024-02-27 23:00:00,16.2,0,,8.0,,,,120,1,28,71,758
696,2024-02-28 00:00:00,18.3,0,,9.0,,,,119,1,28,72,758
697,2024-02-28 01:00:00,14.5,0,,19.0,,,,140,1,28,74,758
698,2024-02-28 02:00:00,12.4,0,,20.0,,,,117,1,28,74,757
699,2024-02-28 03:00:00,11.7,0,,21.0,,,,115,1,28,74,757
700,2024-02-28 04:00:00,17.8,0,,17.0,,,,108,1,27,74,757
701,2024-02-28 05:00:00,18.0,0,,0.0,,,,83,1,27,75,757
702,2024-02-28 06:00:00,18.9,0,,0.0,,,,96,1,27,76,757
703,2024-02-28 07:00:00,19.8,0,,6.0,,,,85,1,28,73,758
704,2024-02-28 08:00:00,19.0,0,,2.0,,,,117,1,29,67,758
705,2024-02-28 09:00:00,18.9,0,,0.0,,,,124,1,31,58,759
706,2024-02-28 10:00:00,18.0,0,,3.0,,,,181,1,32,52,758
707,2024-02-28 11:00:00,16.1,0,,1.0,,,,204,1,33,50,758
708,2024-02-28 12:00:00,13.2,0,,13.0,,,,189,1,33,48,757
709,2024-02-28 13:00:00,15.1,0,,10.0,,,,194,1,34,47,757
710,2024-02-28 14:00:00,14.3,0,,4.0,,,,188,1,33,50,756
711,2024-02-28 15:00:00,16.3,0,,18.0,,,,198,1,33,52,756
712,2024-02-28 16:00:00,16.0,0,,5.0,,,,179,1,32,53,756
713,2024-02-28 17:00:00,23.1,0,,0.0,,,,209,1,31,57,756
714,2024-02-28 18:00:00,27.7,0,,,,,,216,1,29,61,757
715,2024-02-28 19:00:00,23.6,0,,0.0,,,,184,1,29,64,757
716,2024-02-28 20:00:00,25.2,0,,0.0,,,,183,1,29,64,758
717,2024-02-28 21:00:00,23.2,0,,1.0,,,,159,1,29,64,758
718,2024-02-28 22:00:00,24.7,0,,3.0,,,,134,1,28,65,758
719,2024-02-28 23:00:00,19.8,0,,6.0,,,,94,1,28,65,758
720,2024-02-29 00:00:00,18.5,0,,3.0,,,,91,1,28,66,758
721,2024-02-29 01:00:00,16.1,0,,24.0,,,,96,1,27,68,758
722,2024-02-29 02:00:00,16.0,0,,24.0,,,,108,1,27,68,758
723,2024-02-29 03:00:00,15.4,0,,26.0,,,,98,1,27,68,757
724,2024-02-29 04:00:00,17.8,0,,19.0,,,,100,1,27,70,757
725,2024-02-29 05:00:00,22.5,0,,3.0,,,,106,1,26,71,757
726,2024-02-29 06:00:00,21.9,0,,12.0,,,,111,1,26,73,757
727,2024-02-29 07:00:00,23.2,0,,2.0,,,,109,1,26,74,758
728,2024-02-29 08:00:00,24.5,0,,2.0,,,,114,1,29,64,759
